questionId,subject,unit,subunit,difficulty,mode,question,answer,choices,explanation,status,answerGroup,relatedQuestionIds,tags,imagePath
bio_001,biology,細胞,動物細胞,1,choice,動物細胞に見られるが植物細胞には見られないつくりはどれか。,中心体,核|細胞膜|中心体|ミトコンドリア,動物細胞には中心体が見られるが、植物細胞には通常見られません。,active,,,,
bio_002,biology,細胞,植物細胞,1,choice,植物細胞に見られるが動物細胞には見られないつくりはどれか。,細胞壁,核|細胞壁|細胞膜|ミトコンドリア,植物細胞は細胞壁によって形が保たれています。,active,,,,
bio_003,biology,細胞,細胞の共通点,1,text,動物細胞と植物細胞の両方に共通して存在する、遺伝情報を含むつくりを何というか。,核,,核には遺伝情報を含むDNAが存在します。,active,,,,
bio_004,biology,植物のつくりとはたらき,光合成,1,choice,植物が光のエネルギーを使って二酸化炭素と水からデンプンと酸素をつくるはたらきを何というか。,光合成,呼吸|光合成|蒸散|発芽,光合成は主に葉の葉緑体で行われます。,active,,,,
bio_005,biology,植物のつくりとはたらき,蒸散,1,text,植物の葉にある気孔から水蒸気が出ていく現象を何というか。,蒸散,,蒸散は主に葉の気孔で行われます。,active,,,,
bio_006,biology,植物のつくりとはたらき,葉緑体,1,choice,光合成が行われる細胞内のつくりはどれか。,葉緑体,核|葉緑体|細胞壁|液胞,葉緑体には光合成色素が含まれています。,active,,,,
bio_007,biology,動物の体のつくりとはたらき,消化,1,text,デンプンを分解する消化酵素を1つ答えなさい。,アミラーゼ,,だ液に含まれるアミラーゼはデンプンを分解します。,active,,,,
bio_008,biology,動物の体のつくりとはたらき,呼吸,1,choice,ヒトが呼吸によって体内に取り入れる気体はどれか。,酸素,酸素|二酸化炭素|窒素|水素,呼吸では酸素を取り入れ二酸化炭素を排出します。,active,,,,
bio_009,biology,動物の体のつくりとはたらき,血液循環,1,choice,酸素を運ぶ血液の成分はどれか。,赤血球,赤血球|白血球|血小板|血しょう,赤血球にはヘモグロビンが含まれ、酸素を運びます。,active,,,,
bio_010,biology,生殖と遺伝,遺伝,1,text,親の形質が子に伝わる現象を何というか。,遺伝,,遺伝は染色体上の遺伝子によって受け継がれます。,active,,,,
bio_011,biology,細胞,細胞膜,1,text,細胞の最も外側にあり、物質の出入りを調節するうすい膜を何というか。,細胞膜,,細胞膜はすべての細胞に共通して存在し、物質の出入りを調節します。,active,,,,
bio_012,biology,細胞,細胞質,1,choice,核のまわりにあり、細胞膜に包まれた部分をまとめて何というか。,細胞質,細胞質|細胞壁|核|液胞,核のまわりの細胞膜に包まれた部分をまとめて細胞質といいます。,active,,,,
bio_013,biology,細胞,液胞,1,choice,植物の細胞で、成長した細胞に特に大きく見られる、不要な物質などをたくわえるつくりはどれか。,液胞,核|液胞|細胞壁|細胞膜,液胞には不要な物質や色素などがたくわえられます。,active,,,,
bio_014,biology,細胞,単細胞生物,1,text,からだが1つの細胞だけでできている生物を何というか。,単細胞生物,,ゾウリムシやミカヅキモなどは1つの細胞で生活する単細胞生物です。,active,,,,
bio_015,biology,細胞,多細胞生物,1,choice,ヒトのように、からだが多くの細胞からできている生物を何というか。,多細胞生物,単細胞生物|多細胞生物|微生物|原生生物,ヒトの体は多数の細胞が集まってできている多細胞生物です。,active,,,,
bio_016,biology,細胞,組織,1,text,形やはたらきが同じ細胞が集まってできた、からだのまとまりを何というか。,組織,,同じ形・はたらきの細胞の集まりを組織といいます。,active,,,,
bio_017,biology,細胞,器官,1,choice,いくつかの組織が集まり、決まったはたらきをするからだの部分を何というか。,器官,組織|器官|細胞|個体,組織が集まって特定のはたらきをする部分を器官といいます。,active,,,,
bio_018,biology,細胞,核のはたらき,1,text,細胞の中で、生命活動に必要な遺伝情報をたくわえているつくりを何というか。,核,,核には遺伝情報をもつDNAが含まれています。,active,,,,
bio_019,biology,細胞,細胞壁のはたらき,1,choice,植物の細胞で、細胞の形を保ち、からだを支えるはたらきをするつくりはどれか。,細胞壁,細胞膜|細胞壁|液胞|核,細胞壁はじょうぶなつくりで、植物のからだを支えます。,active,,,,
bio_020,biology,植物のつくりとはたらき,道管,1,text,根から吸収した水や養分の通り道となる管を何というか。,道管,,道管は根から吸い上げた水や養分を運ぶ通り道です。,active,,,,
bio_021,biology,植物のつくりとはたらき,師管,1,choice,葉でつくられた栄養分の通り道となる管はどれか。,師管,道管|師管|気孔|維管束,師管は葉でつくられた栄養分を運ぶ通り道です。,active,,,,
bio_022,biology,植物のつくりとはたらき,維管束,1,text,道管と師管が集まった束を何というか。,維管束,,道管と師管が集まったものを維管束といいます。,active,,,,
bio_023,biology,植物のつくりとはたらき,気孔,1,choice,葉の裏側に多く見られる、気体の出入り口となる小さな穴を何というか。,気孔,気孔|道管|師管|葉緑体,気孔は主に葉の裏側に多く見られる小さな穴です。,active,,,,
bio_024,biology,植物のつくりとはたらき,光合成の材料,1,choice,光合成のときに植物が空気中から取り入れる気体はどれか。,二酸化炭素,酸素|二酸化炭素|窒素|水素,光合成では二酸化炭素と水からデンプンと酸素がつくられます。,active,,,,
bio_025,biology,植物のつくりとはたらき,光合成の生成物,1,text,光合成によって葉緑体でつくられる栄養分は何か。,デンプン,,光合成では水と二酸化炭素からデンプンと酸素がつくられます。,active,,,,
bio_026,biology,植物のつくりとはたらき,植物の呼吸,1,choice,植物が一日中行っている、酸素を取り入れ二酸化炭素を出すはたらきを何というか。,呼吸,光合成|呼吸|蒸散|発芽,植物も動物と同じように一日中呼吸を行っています。,active,,,,
bio_027,biology,植物のつくりとはたらき,花のつくり,1,text,花の中心にあり、受粉すると実になる部分を何というか。,めしべ,,めしべの根もとの子房が受粉後に果実になります。,active,,,,
bio_028,biology,植物のつくりとはたらき,花のつくり,1,choice,花粉をつくる部分はどれか。,おしべ,めしべ|おしべ|がく|花弁,おしべの先のやくで花粉がつくられます。,active,,,,
bio_029,biology,植物のつくりとはたらき,受粉,1,text,おしべの花粉がめしべの柱頭につくことを何というか。,受粉,,受粉が起こると、やがて子房が果実に、胚珠が種子になります。,active,,,,
bio_030,biology,動物の体のつくりとはたらき,消化液,1,choice,胃から出される消化液を何というか。,胃液,だ液|胃液|胆汁|すい液,胃液にはペプシンという消化酵素が含まれ、タンパク質を分解します。,active,,,,
bio_031,biology,動物の体のつくりとはたらき,消化酵素,1,text,胃液に含まれ、タンパク質を分解する消化酵素は何か。,ペプシン,,ペプシンは胃液に含まれ、タンパク質を分解する消化酵素です。,active,,,,
bio_032,biology,動物の体のつくりとはたらき,肝臓,1,choice,胆汁をつくる器官はどれか。,肝臓,肝臓|すい臓|胃|小腸,肝臓でつくられた胆汁は脂肪の消化を助けます。,active,,,,
bio_033,biology,動物の体のつくりとはたらき,すい臓,1,text,消化酵素を含むすい液を出す器官を何というか。,すい臓,,すい臓から出るすい液には多くの消化酵素が含まれます。,active,,,,
bio_034,biology,動物の体のつくりとはたらき,吸収,1,choice,小腸の内側にある、栄養分を吸収するための小さな突起を何というか。,柔毛,柔毛|繊毛|肺胞|糸球体,柔毛によって小腸の表面積が広がり、効率よく栄養分を吸収できます。,active,,,,
bio_035,biology,動物の体のつくりとはたらき,呼吸器官,1,text,肺の中にある、酸素と二酸化炭素の交換を行う小さな袋状のつくりを何というか。,肺胞,,肺胞のまわりの毛細血管でガス交換が行われます。,active,,,,
bio_036,biology,動物の体のつくりとはたらき,心臓のつくり,1,choice,心臓で血液を送り出す部屋を何というか。,心室,心房|心室|肺胞|柔毛,心臓は心房と心室に分かれ、心室が収縮して血液を送り出します。,active,,,,
bio_037,biology,動物の体のつくりとはたらき,血管,1,choice,心臓から送り出される血液が流れる血管を何というか。,動脈,動脈|静脈|毛細血管|リンパ管,心臓から送り出される血液が流れる血管を動脈といいます。,active,,,,
bio_038,biology,動物の体のつくりとはたらき,排出,1,text,タンパク質が分解されるときにできる有害な物質を、肝臓で無害な物質に変えたものは何か。,尿素,,アンモニアは肝臓で害の少ない尿素に変えられ、腎臓でこし出されます。,active,,,,
bio_039,biology,動物の体のつくりとはたらき,排出器官,1,choice,血液中の尿素などの不要な物質をこし出す器官はどれか。,腎臓,腎臓|肝臓|肺|小腸,腎臓で血液がろ過され、尿素などの不要な物質が尿として排出されます。,active,,,,
bio_040,biology,動物の体のつくりとはたらき,神経,1,text,熱いものに触れて思わず手を引っこめるような、意識とは関係なく起こる反応を何というか。,反射,,反射は脳を経由せず、せきずいなどの命令で無意識に起こる反応です。,active,,,,
bio_041,biology,生殖と遺伝,無性生殖,1,text,受精を行わず、親のからだの一部から新しい個体をつくる生殖を何というか。,無性生殖,,ジャガイモの栄養生殖などは無性生殖の一種です。,active,,,,
bio_042,biology,生殖と遺伝,有性生殖,1,choice,雌雄の生殖細胞が受精することで新しい個体をつくる生殖を何というか。,有性生殖,無性生殖|有性生殖|栄養生殖|分裂,精子と卵など雌雄の生殖細胞の受精による生殖を有性生殖といいます。,active,,,,
bio_043,biology,生殖と遺伝,生殖細胞,1,choice,動物の雌がつくる生殖細胞を何というか。,卵,精子|卵|受精卵|胚,雌がつくる生殖細胞を卵、雄がつくる生殖細胞を精子といいます。,active,,,,
bio_044,biology,生殖と遺伝,受精,1,text,精子の核と卵の核が合体することを何というか。,受精,,精子と卵の核が合体することを受精といい、受精卵ができます。,active,,,,
bio_045,biology,生殖と遺伝,染色体,1,text,細胞の核の中にあり、遺伝子を含む糸状のつくりを何というか。,染色体,,染色体には遺伝子の本体であるDNAが含まれています。,active,,,,
bio_046,biology,生殖と遺伝,減数分裂,1,choice,生殖細胞がつくられるとき、染色体の数がもとの細胞の半分になる細胞分裂を何というか。,減数分裂,体細胞分裂|減数分裂|受精|発生,減数分裂によって生殖細胞の染色体数はもとの半分になります。,active,,,,
bio_047,biology,生殖と遺伝,遺伝子の本体,1,text,遺伝子の本体である物質をアルファベット3文字で何というか。,DNA,,遺伝子の本体はDNA(デオキシリボ核酸)という物質です。,active,,,,
bio_048,biology,生殖と遺伝,対立形質,1,choice,同時に現れない、対をなす形質を何というか。,対立形質,対立形質|顕性形質|潜性形質|遺伝子,エンドウの丸い種子としわのある種子のように、同時に現れない形質を対立形質といいます。,active,,,,
bio_049,biology,生殖と遺伝,顕性形質,1,text,対立形質の純系をかけ合わせたとき、子に現れる形質を何というか。,顕性形質,,対立形質の純系をかけ合わせると子には顕性形質が現れます。,active,,,,
bio_050,biology,生殖と遺伝,潜性形質,1,choice,対立形質の純系をかけ合わせたとき、子に現れない形質を何というか。,潜性形質,顕性形質|潜性形質|対立形質|突然変異,子に現れない方の形質を潜性形質といいます。,active,,,,
bio_051,biology,動物の体のつくりとはたらき,消化酵素,1,text,すい液に含まれ、タンパク質を分解する消化酵素は何か。,トリプシン,,トリプシンはすい液に含まれ、タンパク質を分解する消化酵素です。,active,,,,
bio_052,biology,動物の体のつくりとはたらき,消化酵素,1,choice,脂肪を分解する消化酵素はどれか。,リパーゼ,アミラーゼ|ペプシン|トリプシン|リパーゼ,リパーゼはすい液に含まれ、脂肪を分解する消化酵素です。,active,,,,
bio_053,biology,動物の体のつくりとはたらき,神経,1,text,脳とせきずいをまとめて何神経というか。,中枢神経,,脳とせきずいは、判断や命令の中心となる中枢神経です。,active,,,,
bio_054,biology,動物の体のつくりとはたらき,神経,1,choice,感覚器官からの信号を中枢神経に伝えたり、中枢神経からの命令を運動器官に伝えたりする、中枢神経以外の神経を何というか。,末しょう神経,中枢神経|末しょう神経|反射|感覚器官,脳・せきずい以外の、からだ中に広がる神経を末しょう神経といいます。,active,,,,
bio_055,biology,生殖と遺伝,分離の法則,1,choice,丸い種子(顕性)としわのある種子(潜性)の純系をかけ合わせてできた子(すべて丸い種子)を自家受粉させた。孫の代では、丸い種子としわのある種子の数の比はおよそどうなるか。,3:1,1:1|2:1|3:1|4:1,分離の法則により、孫の代では顕性形質:潜性形質がおよそ3:1になります。,active,,,,
bio_056,biology,細胞,動物細胞と植物細胞の共通点(図),1,choice,図のA〜Fのうち、動物細胞にも植物細胞にも共通して見られるつくりの組み合わせはどれか。,AとF(核),AとF(核)|CとD|BとE|DとE,核は動物細胞にも植物細胞にも共通して存在するつくりです。図ではA(動物細胞の核)とF(植物細胞の核)がこれにあたります。,active,,,,assets/questions/biology-cell-comparison.svg
bio_057,biology,細胞,植物細胞に特有のつくり(図),1,choice,図のA〜Fのうち、植物細胞だけに見られ、動物細胞には見られないつくりの組み合わせとして正しいものはどれか。,CとDとE(細胞壁・葉緑体・液胞),CとDとE(細胞壁・葉緑体・液胞)|AとBとF|AとCとE|BとDとF,細胞壁・葉緑体・液胞は植物細胞に特有のつくりで、動物細胞には見られません。図のC・D・Eがこれにあたります。,active,,,,assets/questions/biology-cell-comparison.svg
bio_058,biology,植物のつくりとはたらき,花のつくり(図・子房),1,choice,図のA〜Eのうち、受粉のあと成長して果実になる部分はどれか。,E,E|A|C|D,めしべの根もとにある子房は、受粉のあと成長して果実になります。図のEが子房です。,active,,,,assets/questions/biology-flower-basic.svg
bio_059,biology,植物のつくりとはたらき,花のつくり(図・やく),1,choice,図のA〜Eのうち、花粉がつくられる部分はどれか。,C,C|A|B|D,おしべの先にあるやくで花粉がつくられます。図のCがやくです。,active,,,,assets/questions/biology-flower-basic.svg
bio_060,biology,動物の体のつくりとはたらき,消化器官(図・胆汁),1,choice,図のA〜Gのうち、胆汁をつくる器官はどれか。,F,F|C|D|G,胆汁は肝臓でつくられ、脂肪の消化を助けます。図のFが肝臓です。,active,,,,assets/questions/biology-digestive-system.svg
bio_061,biology,動物の体のつくりとはたらき,消化管の順序(図),1,choice,図のように口から入った食物が通る消化管の順序として正しいものはどれか。,A→B→C→D→E,A→B→C→D→E|A→C→B→D→E|A→B→D→C→E|A→C→B→E→D,食物は口(A)→食道(B)→胃(C)→小腸(D)→大腸(E)の順に消化管を通ります。,active,,,,assets/questions/biology-digestive-system.svg
bio_062,biology,動物の体のつくりとはたらき,消化器官(図・吸収),1,choice,図のA〜Gのうち、消化された栄養分を主に吸収する器官はどれか。,D,D|C|E|A,小腸の内側には柔毛があり、消化された栄養分を効率よく吸収します。図のDが小腸です。,active,,,,assets/questions/biology-digestive-system.svg
bio_063,biology,動物の体のつくりとはたらき,血液循環の経路(図),1,choice,図のように、心臓から肺へ送られた血液が再び心臓にもどる血液の経路をアとする。アのような血液の流れを何というか。,肺循環,肺循環|体循環|動脈|静脈,心臓から肺を通って再び心臓にもどる血液の経路を肺循環といいます。,active,,,,assets/questions/biology-circulation-basic.svg
bio_064,biology,生殖と遺伝,体細胞分裂の順序(図),1,choice,図のア〜ウは、体細胞分裂が進むようすを順不同に表したものである。分裂が進む正しい順序はどれか。,ア→イ→ウ,ア→イ→ウ|イ→ア→ウ|ウ→ア→イ|ア→ウ→イ,体細胞分裂では、まず染色体が現れ(ア)、染色体が細胞の中央に集まり(イ)、その後2つの細胞に分かれます(ウ)。,active,,,,assets/questions/biology-cell-division-basic.svg
bio_065,biology,動物の体のつくりとはたらき,反射の経路(図),1,choice,図のように、皮膚が受けた刺激が感覚神経を通ってせきずいに伝わり、せきずいから直接運動神経に命令が伝わって反応が起こる。このように、脳を経由しない反応を何というか。,反射,反射|意識的な反応|随意運動|感覚,刺激に対して脳を経由せず、せきずいなどが命令を出して無意識に起こる反応を反射といいます。,active,,,,assets/questions/biology-reflex-pathway.svg
bio_growth_001,biology,生物の成長と生殖,細胞分裂,1,choice,1個の細胞が2つに分かれて2個の細胞になることを何というか。,細胞分裂,細胞分裂|受精|発生|生殖,1個の細胞が2つに分かれて2個の細胞になることを細胞分裂といいます。,active,,,中3|生物の成長と生殖,
bio_growth_002,biology,生物の成長と生殖,染色体,1,choice,細胞分裂が始まると、核の中に現れるひも状のものを何というか。,染色体,染色体|遺伝子|細胞膜|胚,細胞分裂が始まると、核の中に染色体が現れます。,active,,,中3|生物の成長と生殖,
bio_growth_003,biology,生物の成長と生殖,染色体,1,choice,染色体には、形や性質などの特徴を決める何が含まれているか。,遺伝子,遺伝子|精子|卵|胚,染色体には、形や性質などの特徴を決める遺伝子が含まれています。,active,,,中3|生物の成長と生殖,
bio_growth_004,biology,生物の成長と生殖,体細胞分裂,1,choice,からだをつくる細胞の細胞分裂を何というか。,体細胞分裂,体細胞分裂|受精|発生|生殖,からだをつくる細胞の細胞分裂を体細胞分裂といいます。,active,,,中3|生物の成長と生殖,
bio_growth_005,biology,生物の成長と生殖,体細胞分裂,1,choice,体細胞分裂の前に、染色体はどうなるか。,複製されて数が2倍になる,複製されて数が2倍になる|半分になる|なくなる|変化しない,体細胞分裂の前に染色体は複製され、数が2倍になります。,active,,,中3|生物の成長と生殖,
bio_growth_006,biology,生物の成長と生殖,体細胞分裂,1,choice,体細胞分裂では、複製されて数が2倍になった染色体はどうなるか。,2等分されて別々の細胞に入る,2等分されて別々の細胞に入る|すべて一方の細胞に入る|なくなる|さらに2倍になる,複製された染色体は2等分され、別々の細胞に入ります。,active,,,中3|生物の成長と生殖,
bio_growth_007,biology,生物の成長と生殖,体細胞分裂,1,choice,体細胞分裂の前後で、1個の細胞に含まれる染色体の数はどうなるか。,変わらない,変わらない|2倍になる|半分になる|0になる,染色体は分裂前に複製され、その後2つの細胞に等しく分けられるため、分裂の前後で染色体数は変わりません。,active,,,中3|生物の成長と生殖,
bio_growth_008,biology,生物の成長と生殖,体細胞分裂,2,choice,体細胞分裂の前に染色体が複製されるのはなぜか。,分裂後の2つの細胞に同じ数の染色体を分けるため,分裂後の2つの細胞に同じ数の染色体を分けるため|染色体を半分にするため|染色体をなくすため|受精卵をつくるため,染色体を複製した後、それぞれの細胞に等しく分けます。,active,,,中3|生物の成長と生殖,
bio_growth_009,biology,生物の成長と生殖,植物の細胞分裂,1,choice,植物の細胞分裂で、染色体が中央に集まった後に起こることはどれか。,2本ずつの染色体がそれぞれ両端に移動する,2本ずつの染色体がそれぞれ両端に移動する|染色体がすべて消える|受精が起こる|細胞が1つに戻る,中央に集まった染色体は、それぞれ細胞の両端に移動します。,active,,,中3|生物の成長と生殖,
bio_growth_010,biology,生物の成長と生殖,植物の細胞分裂,1,choice,植物の細胞分裂で、染色体が両端に移動した後はどうなるか。,2個の核ができる,2個の核ができる|染色体が中央に戻る|受精卵ができる|1個の核だけが残る,染色体が両端に移動すると、それぞれの周囲に核ができ、2個の核になります。,active,,,中3|生物の成長と生殖,
bio_growth_011,biology,生物の成長と生殖,植物の細胞分裂,1,choice,植物の細胞分裂の最後には、細胞質がどうなって2個の細胞ができるか。,2つに分かれる,2つに分かれる|1つにまとまる|なくなる|4つに分かれる,細胞質が2つに分かれ、2個の細胞ができます。,active,,,中3|生物の成長と生殖,
bio_growth_012,biology,生物の成長と生殖,生物の成長,1,choice,生物は、細胞分裂によって細胞の数が増え、増えた細胞がどうなることで成長するか。,大きくなる,大きくなる|小さくなる|消える|融合する,細胞分裂によって細胞数が増え、増えた細胞が大きくなることで生物は成長します。,active,,,中3|生物の成長と生殖,
bio_growth_013,biology,生物の成長と生殖,生物の成長,2,choice,生物が成長するときの細胞の変化として正しいものはどれか。,細胞分裂で数が増え、増えた細胞が大きくなる,細胞分裂で数が増え、増えた細胞が大きくなる|細胞の数は変わらず大きさだけが増える|細胞数だけが増えて大きさは変わらない|細胞どうしがすべて融合する,生物は、細胞分裂で細胞数が増え、増えた細胞が大きくなることで成長します。,active,,,中3|生物の成長と生殖,
bio_growth_014,biology,生物の成長と生殖,植物の成長,1,choice,根の先端付近にあり、細胞分裂が盛んに行われる部分を何というか。,成長点,成長点|根冠|胚珠|子房,成長点では細胞分裂が盛んに行われます。,active,,,中3|生物の成長と生殖,
bio_growth_015,biology,生物の成長と生殖,植物の成長,1,choice,根の成長点を保護する部分を何というか。,根冠,根冠|成長点|胚珠|子房,根の先端にある根冠は、根の成長点を保護します。,active,,,中3|生物の成長と生殖,
bio_growth_016,biology,生物の成長と生殖,植物の成長,2,choice,根が成長するしくみとして正しいものはどれか。,成長点で細胞が分裂し、分裂した細胞が大きくなる,成長点で細胞が分裂し、分裂した細胞が大きくなる|根冠だけが細胞分裂する|すべての細胞が分裂せずに大きくなる|受精によって根が伸びる,成長点で細胞が分裂し、その後、分裂した細胞が大きくなることで根が成長します。,active,,,中3|生物の成長と生殖,
bio_growth_017,biology,生物の成長と生殖,生殖,1,choice,生物が新しい個体（子）をつくることを何というか。,生殖,生殖|成長|発生|受精,生物が新しい個体をつくることを生殖といいます。,active,,,中3|生物の成長と生殖,
bio_growth_018,biology,生物の成長と生殖,無性生殖,1,choice,受精を行わず、体細胞分裂によってふえる生殖を何というか。,無性生殖,無性生殖|有性生殖|受精|発生,受精を行わずにふえる生殖を無性生殖といいます。,active,,,中3|生物の成長と生殖,
bio_growth_019,biology,生物の成長と生殖,無性生殖,1,choice,からだが2つに分かれて新しい個体をつくる無性生殖を何というか。,分裂,分裂|栄養生殖|受精|発生,からだが2つに分かれて新しい個体をつくる方法を分裂といいます。,active,,,中3|生物の成長と生殖,
bio_growth_020,biology,生物の成長と生殖,無性生殖,1,choice,ミカヅキモが、からだを2つに分けて新しい個体をつくる方法を何というか。,分裂,分裂|栄養生殖|有性生殖|受精,ミカヅキモは分裂によってふえます。,active,,,中3|生物の成長と生殖,
bio_growth_021,biology,生物の成長と生殖,無性生殖,1,choice,ゾウリムシが、からだを2つに分けて新しい個体をつくる方法を何というか。,分裂,分裂|栄養生殖|有性生殖|受精,ゾウリムシは分裂によってふえます。,active,,,中3|生物の成長と生殖,
bio_growth_022,biology,生物の成長と生殖,無性生殖,1,choice,植物が、からだの一部から新しい個体をつくる無性生殖を何というか。,栄養生殖,栄養生殖|分裂|受精|発生,植物がからだの一部から新しい個体をつくる方法を栄養生殖といいます。,active,,,中3|生物の成長と生殖,
bio_growth_023,biology,生物の成長と生殖,無性生殖,1,choice,ジャガイモのいもから新しい個体ができる生殖方法を何というか。,栄養生殖,栄養生殖|分裂|有性生殖|受精,ジャガイモは、いもから新しい個体をつくる栄養生殖を行います。,active,,,中3|生物の成長と生殖,
bio_growth_024,biology,生物の成長と生殖,無性生殖,1,choice,オランダイチゴの茎の一部から新しい個体ができる生殖方法を何というか。,栄養生殖,栄養生殖|分裂|受精|発生,オランダイチゴは、茎の一部から新しい個体をつくる栄養生殖を行います。,active,,,中3|生物の成長と生殖,
bio_growth_025,biology,生物の成長と生殖,有性生殖,1,choice,生殖細胞の受精による生殖を何というか。,有性生殖,有性生殖|無性生殖|栄養生殖|体細胞分裂,生殖細胞の受精による生殖を有性生殖といいます。,active,,,中3|生物の成長と生殖,
bio_growth_026,biology,生物の成長と生殖,無性生殖・有性生殖,2,choice,無性生殖と有性生殖の違いとして正しいものはどれか。,有性生殖では受精を行うが、無性生殖では受精を行わない,有性生殖では受精を行うが、無性生殖では受精を行わない|無性生殖だけが受精を行う|どちらも必ず受精を行う|どちらも受精を行わない,無性生殖は受精を行わず、有性生殖は生殖細胞の受精によって行われます。,active,,,中3|生物の成長と生殖,
bio_growth_027,biology,生物の成長と生殖,生殖細胞,1,choice,動物の雄の生殖細胞を何というか。,精子,精子|卵|受精卵|胚,動物の雄の生殖細胞を精子といいます。,active,,,中3|生物の成長と生殖,
bio_growth_028,biology,生物の成長と生殖,生殖細胞,1,choice,動物の雌の生殖細胞を何というか。,卵,卵|精子|受精卵|胚,動物の雌の生殖細胞を卵といいます。,active,,,中3|生物の成長と生殖,
bio_growth_029,biology,生物の成長と生殖,受精,1,choice,2種類の生殖細胞の核が合体し、1個の細胞になることを何というか。,受精,受精|発生|分裂|成長,2種類の生殖細胞の核が合体することを受精といいます。,active,,,中3|生物の成長と生殖,
bio_growth_030,biology,生物の成長と生殖,受精,1,choice,受精によってできた新しい細胞を何というか。,受精卵,受精卵|胚|精子|卵,受精によってできた新しい細胞を受精卵といいます。,active,,,中3|生物の成長と生殖,
bio_growth_031,biology,生物の成長と生殖,発生,1,choice,受精卵が細胞分裂をくり返し、親のからだのつくりへと変化していく過程を何というか。,発生,発生|受精|生殖|栄養生殖,受精卵が細胞分裂をくり返して親のからだのつくりへと変化する過程を発生といいます。,active,,,中3|生物の成長と生殖,
bio_growth_032,biology,生物の成長と生殖,有性生殖,2,choice,有性生殖で新しい個体ができるまでの流れとして正しいものはどれか。,生殖細胞→受精→受精卵→発生,生殖細胞→受精→受精卵→発生|受精卵→生殖細胞→受精→発生|発生→受精→受精卵→生殖細胞|生殖細胞→発生→受精→受精卵,2種類の生殖細胞が受精して受精卵となり、その受精卵が発生していきます。,active,,,中3|生物の成長と生殖,
bio_growth_033,biology,生物の成長と生殖,動物の発生,1,choice,動物では、受精卵が細胞分裂を始めてから、自分で食物をとることができる個体となる前までを何というか。,胚,胚|受精卵|精子|卵,この期間の個体を胚といいます。,active,,,中3|生物の成長と生殖,
bio_growth_034,biology,生物の成長と生殖,動物の発生,2,choice,ヒキガエルの発生で、受精卵の細胞分裂が進むと、1個1個の細胞の大きさはどうなるか。,小さくなる,小さくなる|大きくなる|変わらない|2倍になる,発生初期では全体の大きさはあまり変わらないため、細胞分裂が進むと1個1個の細胞は小さくなります。,active,,,中3|生物の成長と生殖,
bio_growth_035,biology,生物の成長と生殖,動物の発生,2,choice,ヒキガエルの発生初期では、受精卵が細胞分裂をくり返しても、全体の大きさはどうなるか。,あまり変わらない,あまり変わらない|2倍ずつ大きくなる|半分ずつ小さくなる|必ず0になる,発生初期では、全体の大きさはあまり変わらないまま細胞分裂が進みます。,active,,,中3|生物の成長と生殖,
bio_growth_036,biology,生物の成長と生殖,動物の発生,2,choice,ヒキガエルの発生で、受精卵の細胞分裂が進んだ後に見られる変化はどれか。,頭や尾ができる,頭や尾ができる|染色体がなくなる|受精が再び起こる|種子ができる,細胞分裂が進み、やがて頭や尾などのからだのつくりができます。,active,,,中3|生物の成長と生殖,
bio_growth_037,biology,生物の成長と生殖,被子植物の受精,1,choice,被子植物では、花粉がめしべの柱頭につくことを何というか。,受粉,受粉|受精|発生|分裂,花粉がめしべの柱頭につくことを受粉といいます。,active,,,中3|生物の成長と生殖,
bio_growth_038,biology,生物の成長と生殖,被子植物の受精,1,choice,被子植物では、受粉すると花粉から何がのびるか。,花粉管,花粉管|胚珠|子房|根,受粉すると、花粉から花粉管がのびます。,active,,,中3|生物の成長と生殖,
bio_growth_039,biology,生物の成長と生殖,被子植物の受精,1,choice,被子植物の雄の生殖細胞を何というか。,精細胞,精細胞|卵細胞|精子|卵,被子植物の雄の生殖細胞を精細胞といいます。,active,,,中3|生物の成長と生殖,
bio_growth_040,biology,生物の成長と生殖,被子植物の受精,1,choice,被子植物の雌の生殖細胞を何というか。,卵細胞,卵細胞|精細胞|精子|卵,被子植物の雌の生殖細胞を卵細胞といいます。,active,,,中3|生物の成長と生殖,
bio_growth_041,biology,生物の成長と生殖,被子植物の受精,1,choice,受粉後、精細胞は何の中を移動して胚珠へ向かうか。,花粉管,花粉管|子房|柱頭|胚,精細胞は花粉管の中を移動して胚珠へ向かいます。,active,,,中3|生物の成長と生殖,
bio_growth_042,biology,生物の成長と生殖,被子植物の受精,1,choice,花粉管が胚珠に達すると、精細胞と何が受精するか。,卵細胞,卵細胞|花粉|柱頭|花粉管,花粉管が胚珠に達すると、精細胞と胚珠の中の卵細胞が受精します。,active,,,中3|生物の成長と生殖,
bio_growth_043,biology,生物の成長と生殖,被子植物の受精,1,choice,被子植物で、精細胞と卵細胞の受精が起こる場所はどこか。,胚珠の中,胚珠の中|柱頭の表面|花弁の中|花粉の中,花粉管が胚珠に達し、胚珠の中で精細胞と卵細胞が受精します。,active,,,中3|生物の成長と生殖,
bio_growth_044,biology,生物の成長と生殖,被子植物の受精,2,choice,被子植物で、受粉してから受精するまでの順序として正しいものはどれか。,花粉が柱頭につく→花粉管がのびる→精細胞が花粉管の中を移動する→精細胞と卵細胞が受精する,花粉が柱頭につく→花粉管がのびる→精細胞が花粉管の中を移動する→精細胞と卵細胞が受精する|花粉管がのびる→受粉→種子ができる→受精する|卵細胞が花粉管を通って柱頭へ移動する→受精する|受精する→花粉が柱頭につく→花粉管がのびる,受粉すると花粉管がのび、その中を精細胞が移動して胚珠に達し、卵細胞と受精します。,active,,,中3|生物の成長と生殖,
bio_growth_045,biology,生物の成長と生殖,被子植物の発生,1,choice,被子植物で、受精卵は細胞分裂をくり返して何になるか。,胚,胚|種子|花粉|胚珠,受精卵は細胞分裂をくり返して胚になります。,active,,,中3|生物の成長と生殖,
bio_growth_046,biology,生物の成長と生殖,被子植物の発生,1,choice,被子植物で、受精後に胚珠全体は何になるか。,種子,種子|胚|花粉|花粉管,受精後、胚珠全体は種子になります。,active,,,中3|生物の成長と生殖,
bio_growth_047,biology,生物の成長と生殖,被子植物の発生,1,choice,被子植物で、種子の中にあり、将来植物のからだになる部分を何というか。,胚,胚|胚珠|花粉管|柱頭,受精卵が細胞分裂をくり返して胚となり、将来植物のからだになります。,active,,,中3|生物の成長と生殖,
bio_growth_048,biology,生物の成長と生殖,被子植物の発生,1,choice,種子が芽を出すことを何というか。,発芽,発芽|受粉|受精|分裂,種子が芽を出すことを発芽といいます。,active,,,中3|生物の成長と生殖,
bio_growth_049,biology,生物の成長と生殖,被子植物の発生,2,choice,被子植物の受精後の変化として正しい組み合わせはどれか。,受精卵→胚、胚珠→種子,受精卵→胚、胚珠→種子|受精卵→種子、胚珠→胚|受精卵→花粉、胚珠→花粉管|受精卵→胚珠、胚珠→受精卵,受精卵は細胞分裂をくり返して胚となり、胚珠全体は種子になります。,active,,,中3|生物の成長と生殖,
bio_growth_050,biology,生物の成長と生殖,被子植物の発生,2,choice,被子植物で、受精してから発芽するまでの流れとして正しいものはどれか。,受精→受精卵→胚→種子→発芽,受精→受精卵→胚→種子→発芽|受精→種子→受精卵→胚→発芽|受精卵→受精→種子→胚→発芽|胚→受精卵→受精→種子→発芽,受精によって受精卵ができ、受精卵は胚となり、胚珠全体が種子となって発芽します。,active,,,中3|生物の成長と生殖,
bio_growth_051,biology,生物の成長と生殖,動物と植物の生殖,2,choice,動物の精子・卵に対応する、被子植物の生殖細胞の組み合わせはどれか。,精細胞・卵細胞,精細胞・卵細胞|花粉・胚珠|花粉管・柱頭|胚・種子,動物では精子と卵、被子植物では精細胞と卵細胞が生殖細胞です。,active,,,中3|生物の成長と生殖,
bio_growth_052,biology,生物の成長と生殖,総合,2,choice,有性生殖に共通する流れとして正しいものはどれか。,生殖細胞が受精する→受精卵ができる→受精卵が発生する,生殖細胞が受精する→受精卵ができる→受精卵が発生する|体細胞が受精する→受精卵がなくなる→発生する|受精卵が先にできる→生殖細胞ができる→受精する|受精を行わずに受精卵ができる,動物でも植物でも、有性生殖では生殖細胞が受精して受精卵ができ、その受精卵が発生します。,active,,,中3|生物の成長と生殖,
bio_growth_053,biology,遺伝の規則性,減数分裂,1,choice,生殖細胞ができるときに行われる、染色体の数が半分になる特別な細胞分裂を何というか。,減数分裂,減数分裂|体細胞分裂|受精|発生,生殖細胞ができるときには、染色体の数が半分になる減数分裂が行われます。,active,,,中3|染色体と遺伝,
bio_growth_054,biology,遺伝の規則性,減数分裂,1,choice,減数分裂によってできる生殖細胞の染色体数は、もとの細胞と比べてどうなるか。,半分になる,半分になる|2倍になる|変わらない|4倍になる,減数分裂では染色体の数が半分になります。,active,,,中3|染色体と遺伝,
bio_growth_055,biology,遺伝の規則性,有性生殖,2,choice,有性生殖で、親の染色体を半分ずつ受けつぐために、生殖細胞ができるときに行われるものはどれか。,減数分裂,減数分裂|体細胞分裂|栄養生殖|発芽,減数分裂によって染色体数が半分になった生殖細胞がつくられます。,active,,,中3|染色体と遺伝,
bio_growth_056,biology,遺伝の規則性,有性生殖,1,choice,有性生殖でできた子は、染色体をどのように受けつぐか。,両親から半分ずつ受けつぐ,両親から半分ずつ受けつぐ|父親からだけ受けつぐ|母親からだけ受けつぐ|両親のどちらからも受けつがない,有性生殖では、子は両親の染色体を半分ずつ受けつぎます。,active,,,中3|染色体と遺伝,
bio_growth_057,biology,遺伝の規則性,有性生殖,1,choice,有性生殖でできた子の形質は、何によって決まるか。,受けついだ染色体にふくまれる遺伝子,受けついだ染色体にふくまれる遺伝子|染色体の数だけ|生殖細胞の大きさ|受精卵の大きさ,有性生殖でできた子の形質は、受けついだ染色体にふくまれる遺伝子によって決まります。,active,,,中3|染色体と遺伝,
bio_growth_058,biology,遺伝の規則性,無性生殖,1,choice,無性生殖では、子の染色体数は親と比べてどうなるか。,同じ,同じ|半分になる|2倍になる|4倍になる,無性生殖では体細胞分裂によって子ができるため、染色体数は親と同じです。,active,,,中3|染色体と遺伝,
bio_growth_059,biology,遺伝の規則性,無性生殖,1,choice,無性生殖でできた子の形質が親と全く同じになるのはなぜか。,子の中にある遺伝子が親と全く同じになるから,子の中にある遺伝子が親と全く同じになるから|親の遺伝子を半分だけ受けつぐから|受精によって遺伝子が混ざるから|染色体数が半分になるから,無性生殖では、子の中にある遺伝子が親と全く同じになるため、子に現れる形質も親と同じになります。,active,,,中3|染色体と遺伝,
bio_growth_060,biology,遺伝の規則性,クローン,1,choice,無性生殖で生まれ、同一の遺伝子をもつ個体の集団を何というか。,クローン,クローン|純系|胚|生殖細胞,無性生殖で生まれ、同一の遺伝子をもつ個体の集団をクローンといいます。,active,,,中3|染色体と遺伝,
bio_growth_061,biology,遺伝の規則性,有性生殖・無性生殖,2,choice,染色体の受けつがれ方として正しい組み合わせはどれか。,有性生殖では両親から半分ずつ、無性生殖では親と同じ,有性生殖では両親から半分ずつ、無性生殖では親と同じ|有性生殖では親と同じ、無性生殖では両親から半分ずつ|どちらも染色体数は半分になる|どちらも両親から半分ずつ受けつぐ,有性生殖と無性生殖では、染色体の受けつがれ方が異なります。,active,,,中3|染色体と遺伝,
bio_growth_062,biology,遺伝の規則性,遺伝,1,choice,親の形質が子や孫に伝わることを何というか。,遺伝,遺伝|発生|受精|生殖,親の形質が子や孫に伝わることを遺伝といいます。,active,,,中3|染色体と遺伝,
bio_growth_063,biology,遺伝の規則性,メンデル,1,choice,エンドウを使って遺伝の実験を行い、遺伝の規則性を発見した人物は誰か。,メンデル,メンデル|ダーウィン|フック|パスカル,19世紀の中ごろ、オーストリアのメンデルがエンドウを使った実験から遺伝の規則性を発見しました。,active,,,中3|染色体と遺伝,
bio_growth_064,biology,遺伝の規則性,メンデル,1,choice,メンデルが遺伝の規則性を調べる実験に使った植物は何か。,エンドウ,エンドウ|アサガオ|タンポポ|ジャガイモ,メンデルはエンドウを使って遺伝の実験を行いました。,active,,,中3|染色体と遺伝,
bio_growth_065,biology,遺伝の規則性,純系,1,choice,自家受粉によって親、子、孫と代を重ねても、その形質がすべて親と同じであるものを何というか。,純系,純系|クローン|胚|生殖細胞,自家受粉によって代を重ねても同じ形質が現れるものを純系といいます。,active,,,中3|染色体と遺伝,
bio_growth_066,biology,遺伝の規則性,自家受粉,1,choice,同じ個体の花粉が、その個体のめしべについて受粉することを何というか。,自家受粉,自家受粉|受精|栄養生殖|減数分裂,同じ個体の中で行われる受粉を自家受粉といいます。,active,,,中3|染色体と遺伝,
bio_growth_067,biology,遺伝の規則性,対立形質,1,choice,エンドウの種子の丸形としわ形のように、どちらか一方しか現れない形質どうしを何というか。,対立形質,対立形質|顕性形質|潜性形質|純系,どちらか一方しか現れない形質どうしを対立形質といいます。,active,,,中3|染色体と遺伝,
bio_growth_068,biology,遺伝の規則性,分離の法則,1,choice,対になっている遺伝子が、減数分裂のときに分かれて別々の生殖細胞に入ることを何というか。,分離の法則,分離の法則|体細胞分裂|受精|発生,対になっている遺伝子が減数分裂のときに分かれて別々の生殖細胞に入ることを、分離の法則といいます。,active,,,中3|染色体と遺伝,
bio_growth_069,biology,遺伝の規則性,分離の法則,2,choice,対になっている遺伝子Aとaをもつ個体が生殖細胞をつくるとき、1つの生殖細胞に入る遺伝子はどうなるか。,Aまたはaのどちらか一方,Aまたはaのどちらか一方|必ずAとaの両方|必ずAだけ|遺伝子は入らない,分離の法則により、対になっている遺伝子は分かれて別々の生殖細胞に入ります。,active,,,中3|染色体と遺伝,
bio_growth_070,biology,遺伝の規則性,顕性形質・潜性形質,1,choice,対立形質をもつ純系の親どうしをかけ合わせたとき、子に現れる形質を何というか。,顕性形質,顕性形質|潜性形質|対立形質|純系,子に現れる形質を顕性形質といいます。,active,,,中3|染色体と遺伝,
bio_growth_071,biology,遺伝の規則性,顕性形質・潜性形質,1,choice,対立形質をもつ純系の親どうしをかけ合わせたとき、子に現れない形質を何というか。,潜性形質,潜性形質|顕性形質|対立形質|純系,子に現れない形質を潜性形質といいます。,active,,,中3|染色体と遺伝,
bio_growth_072,biology,遺伝の規則性,遺伝の規則性,2,choice,丸形の純系のエンドウと、しわ形の純系のエンドウをかけ合わせたところ、子がすべて丸形になった。この場合の顕性形質はどれか。,丸形,丸形|しわ形|両方|どちらでもない,子に現れた丸形が顕性形質です。,active,,,中3|染色体と遺伝,
bio_growth_073,biology,遺伝の規則性,遺伝の規則性,2,choice,丸形の純系としわ形の純系をかけ合わせたところ、子がすべて丸形になった。この場合の潜性形質はどれか。,しわ形,しわ形|丸形|両方|どちらでもない,子に現れなかったしわ形が潜性形質です。,active,,,中3|染色体と遺伝,
bio_growth_074,biology,遺伝の規則性,遺伝子,1,choice,丸形を決める遺伝子をA、しわ形を決める遺伝子をaとすると、丸形の純系の遺伝子の組み合わせはどれか。,AA,AA|Aa|aa|A,丸形の純系の遺伝子の組み合わせはAAです。,active,,,中3|染色体と遺伝,
bio_growth_075,biology,遺伝の規則性,遺伝子,1,choice,丸形を決める遺伝子をA、しわ形を決める遺伝子をaとすると、しわ形の純系の遺伝子の組み合わせはどれか。,aa,aa|AA|Aa|a,しわ形の純系の遺伝子の組み合わせはaaです。,active,,,中3|染色体と遺伝,
bio_growth_076,biology,遺伝の規則性,遺伝の規則性,2,choice,丸形の純系AAとしわ形の純系aaをかけ合わせたとき、子の遺伝子の組み合わせはどれか。,Aa,Aa|AA|aa|Aまたはa,親からAとaを1つずつ受けつぐため、子はAaになります。,active,,,中3|染色体と遺伝,
bio_growth_077,biology,遺伝の規則性,遺伝の規則性,2,choice,Aが丸形の顕性遺伝子、aがしわ形の潜性遺伝子のとき、Aaの個体に現れる形質はどれか。,丸形,丸形|しわ形|両方同時|どちらも現れない,Aによる丸形が顕性形質なので、Aaでは丸形が現れます。,active,,,中3|染色体と遺伝,
bio_growth_078,biology,遺伝の規則性,分離の法則,2,choice,遺伝子の組み合わせがAaの個体が減数分裂によって生殖細胞をつくるとき、できる生殖細胞がもつ遺伝子はどれか。,Aまたはa,Aまたはa|必ずAa|必ずAA|必ずaa,分離の法則によってAとaは分かれ、Aまたはaをもつ生殖細胞ができます。,active,,,中3|染色体と遺伝,
bio_growth_079,biology,遺伝の規則性,遺伝の規則性,2,choice,Aaの個体を自家受粉させたとき、子孫にできる遺伝子の組み合わせはどれか。,AA、Aa、aa,AA、Aa、aa|AAだけ|Aaだけ|aaだけ,Aとaをもつ生殖細胞の組み合わせにより、AA、Aa、aaができます。,active,,,中3|染色体と遺伝,
bio_growth_080,biology,遺伝の規則性,遺伝の規則性,2,choice,Aが丸形の顕性遺伝子、aがしわ形の潜性遺伝子のとき、Aaの個体を自家受粉させると、子孫に現れる丸形としわ形の個体数の比はおよそいくつか。,3：1,3：1|1：1|1：3|2：1,AAとAaは丸形、aaはしわ形になるため、丸形：しわ形はおよそ3：1になります。,active,,,中3|染色体と遺伝,
bio_growth_081,biology,遺伝の規則性,遺伝の規則性,2,choice,Aaの個体を自家受粉させたとき、遺伝子の組み合わせAA：Aa：aaの比はどれか。,1：2：1,1：2：1|3：1|1：1：1|2：1：1,AA、Aa、Aa、aaの4通りになるため、AA：Aa：aa＝1：2：1です。,active,,,中3|染色体と遺伝,
bio_growth_082,biology,遺伝の規則性,遺伝の規則性,2,choice,Aが丸形の顕性遺伝子、aがしわ形の潜性遺伝子のとき、丸形になる遺伝子の組み合わせはどれか。,AAとAa,AAとAa|aaだけ|AAだけ|Aaとaa,AAとAaでは顕性形質である丸形が現れます。,active,,,中3|遺伝の規則性,
bio_growth_083,biology,遺伝の規則性,遺伝の規則性,2,choice,Aが丸形の顕性遺伝子、aがしわ形の潜性遺伝子のとき、しわ形になる遺伝子の組み合わせはどれか。,aa,aa|AA|Aa|AAとAa,潜性形質であるしわ形は、遺伝子の組み合わせがaaのときに現れます。,active,,,中3|遺伝の規則性,
bio_growth_084,biology,遺伝の規則性,遺伝の規則性,2,choice,丸形の純系AAとしわ形の純系aaをかけ合わせたとき、子がすべて丸形になる理由として正しいものはどれか。,子はすべてAaとなり、丸形が顕性形質だから,子はすべてAaとなり、丸形が顕性形質だから|子はすべてAAになるから|子はすべてaaになるから|しわ形の遺伝子aがなくなるから,子は親からAとaを1つずつ受けついでAaとなり、顕性形質である丸形が現れます。,active,,,中3|遺伝の規則性,
bio_growth_085,biology,遺伝の規則性,遺伝の規則性,2,choice,遺伝子の組み合わせがAaの個体が丸形になるのはなぜか。,丸形が顕性形質だから,丸形が顕性形質だから|しわ形の遺伝子aがなくなるから|Aとaがどちらも丸形を表すから|減数分裂が起こらないから,Aaでは顕性形質である丸形が現れ、潜性形質であるしわ形は現れません。,active,,,中3|遺伝の規則性,
bio_growth_086,biology,遺伝の規則性,遺伝の規則性,2,choice,Aaの個体を自家受粉させたとき、子孫4個体の遺伝子の組み合わせとして最も適切なものはどれか。,AA、Aa、Aa、aa,AA、Aa、Aa、aa|AA、AA、Aa、Aa|Aa、Aa、aa、aa|AA、AA、aa、aa,Aとaをもつ生殖細胞どうしの組み合わせから、AA、Aa、Aa、aaができます。,active,,,中3|遺伝の規則性,
bio_growth_087,biology,遺伝の規則性,遺伝の規則性,2,choice,Aaの個体を自家受粉させたとき、子孫4個体の形質として最も適切なものはどれか。,丸形3、しわ形1,丸形3、しわ形1|丸形2、しわ形2|丸形1、しわ形3|すべて丸形,AA、Aa、Aaは丸形、aaはしわ形なので、丸形：しわ形はおよそ3：1になります。,active,,,中3|遺伝の規則性,
bio_growth_088,biology,遺伝の規則性,遺伝の規則性,2,choice,丸形の純系AAとしわ形の純系aaをかけ合わせ、その子を自家受粉させた。孫にしわ形が現れるのはなぜか。,子Aaがもつaが分離して、aaの組み合わせができるから,子Aaがもつaが分離して、aaの組み合わせができるから|子の世代でaがなくなるから|丸形の遺伝子Aがすべて消えるから|受精すると必ずしわ形になるから,子Aaは潜性遺伝子aももっており、分離の法則によってaをもつ生殖細胞ができるため、孫にaaが生じることがあります。,active,,,中3|遺伝の規則性,
bio_growth_089,biology,遺伝の規則性,DNA,1,choice,遺伝子の本体である物質を何というか。,DNA（デオキシリボ核酸）,DNA（デオキシリボ核酸）|RNA|タンパク質|デンプン,DNA（デオキシリボ核酸）は遺伝子の本体である物質です。,active,,,中3|遺伝の規則性,
bio_growth_090,biology,遺伝の規則性,DNA,1,choice,DNAは何という物質の略称か。,デオキシリボ核酸,デオキシリボ核酸|リボ核酸|アミノ酸|デオキシリボ糖,DNAはデオキシリボ核酸の略称です。,active,,,中3|遺伝の規則性,
bio_growth_091,biology,遺伝の規則性,遺伝子,1,choice,生物の形や性質などの形質を決めるものを何というか。,遺伝子,遺伝子|受精卵|生殖細胞|胚,染色体には形質を決める遺伝子があります。,active,,,中3|遺伝の規則性,
bio_growth_092,biology,遺伝の規則性,遺伝子,2,choice,染色体・遺伝子・DNAの関係として正しいものはどれか。,染色体には遺伝子があり、遺伝子の本体はDNAである,染色体には遺伝子があり、遺伝子の本体はDNAである|遺伝子の中に染色体があり、染色体の本体はDNAである|DNAの中には遺伝子が存在しない|染色体と遺伝子とDNAには関係がない,染色体には形質を決める遺伝子があり、遺伝子の本体である物質がDNAです。,active,,,中3|遺伝の規則性,
bio_growth_093,biology,遺伝の規則性,遺伝子の利用,1,choice,遺伝子に関する研究成果の利用例として、教材に示されているものはどれか。,品種改良や医薬品の開発,品種改良や医薬品の開発|天気予報だけ|地震の発生時刻の予測|惑星の観測,遺伝子に関する研究成果は、品種改良や医薬品の開発などに利用されています。,active,,,中3|遺伝の規則性,
bio_growth_094,biology,遺伝の規則性,遺伝子の利用,1,choice,遺伝子に関する研究成果は、品種改良や医薬品の開発のほか、何に利用されているか。,病気の治療や診断,病気の治療や診断|天気の観測|地震の予知だけ|火山の形成,遺伝子に関する研究成果は、病気の治療や診断などにも利用されています。,active,,,中3|遺伝の規則性,
bio_growth_095,biology,遺伝の規則性,総合,2,choice,有性生殖で親から子へ遺伝子が受けつがれる流れとして正しいものはどれか。,減数分裂で生殖細胞ができる→受精する→両親の遺伝子を受けついだ子ができる,減数分裂で生殖細胞ができる→受精する→両親の遺伝子を受けついだ子ができる|体細胞分裂で染色体数が半分になる→受精せずに子ができる|受精してから減数分裂が起こる→親と同じ遺伝子だけをもつ子ができる|染色体がなくなる→受精する,有性生殖では、減数分裂で染色体数が半分になった生殖細胞ができ、それらが受精することで両親の遺伝子を受けつぎます。,active,,,中3|遺伝の規則性,
bio_growth_096,biology,遺伝の規則性,総合,2,choice,有性生殖と無性生殖での遺伝子の受けつがれ方として正しいものはどれか。,有性生殖では両親から受けつぎ、無性生殖では親と同じ遺伝子を受けつぐ,有性生殖では両親から受けつぎ、無性生殖では親と同じ遺伝子を受けつぐ|どちらも必ず両親から半分ずつ受けつぐ|無性生殖では遺伝子を受けつがない|有性生殖では遺伝子を受けつがない,有性生殖では両親から遺伝子を受けつぎ、無性生殖では親と同じ遺伝子をもつ子ができます。,active,,,中3|遺伝の規則性,
bio_growth_097,biology,遺伝の規則性,総合,2,choice,「減数分裂」「分離の法則」「受精」の関係として正しいものはどれか。,減数分裂で対になった遺伝子が分かれて生殖細胞に入り、受精によって再び組み合わされる,減数分裂で対になった遺伝子が分かれて生殖細胞に入り、受精によって再び組み合わされる|受精によって遺伝子がすべて分かれ、減数分裂でなくなる|体細胞分裂によって遺伝子が半分になり、受精では変化しない|減数分裂でも受精でも遺伝子の組み合わせは変化しない,減数分裂では対になった遺伝子が分かれて生殖細胞に入り、受精によって父母由来の遺伝子が組み合わされます。,active,,,中3|遺伝の規則性,
bio_growth_098,biology,生物の多様性と進化,脊椎動物の歴史,1,choice,化石が発見される地層の年代から、最初に現れたと考えられている脊椎動物のグループは何類か。,魚類,魚類|両生類|ハチュウ類|哺乳類,脊椎動物では、最初に魚類が現れたと考えられています。,active,,,中3|生物の多様性と進化,
bio_growth_099,biology,生物の多様性と進化,脊椎動物の歴史,1,choice,魚類の次に現れたと考えられている脊椎動物のグループは何類か。,両生類,両生類|ハチュウ類|鳥類|哺乳類,魚類の後に両生類が現れたと考えられています。,active,,,中3|生物の多様性と進化,
bio_growth_100,biology,生物の多様性と進化,脊椎動物の歴史,1,choice,魚類、両生類の後に現れたと考えられている脊椎動物のグループは何類か。,ハチュウ類,ハチュウ類|魚類|両生類|哺乳類,魚類、両生類の後にハチュウ類が現れたと考えられています。,active,,,中3|生物の多様性と進化,
bio_growth_101,biology,生物の多様性と進化,脊椎動物の歴史,1,choice,ハチュウ類が現れた後に現れたと考えられている脊椎動物のグループの組み合わせはどれか。,哺乳類と鳥類,哺乳類と鳥類|魚類と両生類|魚類とハチュウ類|両生類と魚類,ハチュウ類の後に哺乳類や鳥類が現れたと考えられています。,active,,,中3|生物の多様性と進化,
bio_growth_102,biology,生物の多様性と進化,脊椎動物の歴史,2,choice,脊椎動物が現れた順序として正しいものはどれか。,魚類→両生類→ハチュウ類→哺乳類・鳥類,魚類→両生類→ハチュウ類→哺乳類・鳥類|両生類→魚類→ハチュウ類→鳥類・哺乳類|ハチュウ類→両生類→魚類→鳥類・哺乳類|哺乳類→鳥類→ハチュウ類→魚類,化石が発見される地層の年代から、このような順序で現れたと考えられています。,active,,,中3|生物の多様性と進化,
bio_growth_103,biology,生物の多様性と進化,進化,1,choice,生物のからだの特徴が、長い年月の間に代を重ねて変化することを何というか。,進化,進化|遺伝|発生|生殖,生物のからだの特徴が、長い年月の間に代を重ねて変化することを進化といいます。,active,,,中3|生物の多様性と進化,
bio_growth_104,biology,生物の多様性と進化,脊椎動物の進化,1,choice,脊椎動物は、水中生活をする何類から、陸上生活に適したグループへと進化してきたと考えられているか。,魚類,魚類|鳥類|哺乳類|ハチュウ類,脊椎動物は、水中生活をする魚類から陸上生活に適したグループへと進化してきたと考えられています。,active,,,中3|生物の多様性と進化,
bio_growth_105,biology,生物の多様性と進化,魚類と両生類,1,choice,魚類と両生類の両方の特徴をもつ生物として、教材に示されているものはどれか。,イクチオステガ,イクチオステガ|始祖鳥|メンデル|ミカヅキモ,イクチオステガは、魚類と両生類の両方の特徴をもつ生物として示されています。,active,,,中3|生物の多様性と進化,
bio_growth_106,biology,生物の多様性と進化,魚類と両生類,1,choice,イクチオステガがもつ魚類の特徴として、教材に示されているものはどれか。,ひれのような骨,ひれのような骨|羽毛|毛|殻のある卵,イクチオステガには、魚類に見られる特徴が残っています。,active,,,中3|生物の多様性と進化,
bio_growth_107,biology,生物の多様性と進化,魚類と両生類,1,choice,イクチオステガがもつ両生類の特徴として、教材に示されているものはどれか。,4本のあし,4本のあし|羽毛|毛|翼,イクチオステガには4本のあしがあり、両生類の特徴が見られます。,active,,,中3|生物の多様性と進化,
bio_growth_108,biology,生物の多様性と進化,魚類と両生類,2,choice,イクチオステガが魚類と両生類の両方の特徴をもつことから、両生類は何類から進化したと考えられるか。,魚類,魚類|鳥類|哺乳類|ハチュウ類,魚類と両生類の両方の特徴をもつ生物がいたことから、両生類は魚類から進化したと考えられています。,active,,,中3|生物の多様性と進化,
bio_growth_109,biology,生物の多様性と進化,陸上生活への適応,1,choice,両生類が水辺をはなれて生活することが難しい理由として正しいものはどれか。,体表が乾燥に弱く、殻のない卵を水中にうむから,体表が乾燥に弱く、殻のない卵を水中にうむから|体表が羽毛でおおわれているから|殻のある卵を陸上にうむから|胎生だから,両生類は体表が乾燥に弱く、殻のない卵を水中にうむため、水辺をはなれて生活することが難しいと考えられます。,active,,,中3|生物の多様性と進化,
bio_growth_110,biology,生物の多様性と進化,陸上生活への適応,1,choice,ハチュウ類の体表は何でおおわれているか。,うろこ,うろこ|羽毛|毛|しめった皮膚,ハチュウ類の体表は乾燥に強いうろこでおおわれています。,active,,,中3|生物の多様性と進化,
bio_growth_111,biology,生物の多様性と進化,陸上生活への適応,1,choice,ハチュウ類がうむ卵の特徴として正しいものはどれか。,殻がある,殻がある|殻がない|必ず水中でふ化する|卵をうまない,ハチュウ類は殻のある卵をうみます。,active,,,中3|生物の多様性と進化,
bio_growth_112,biology,生物の多様性と進化,陸上生活への適応,2,choice,ハチュウ類が両生類より陸上生活に適している理由として正しいものはどれか。,乾燥に強いうろこをもち、殻のある卵をうむから,乾燥に強いうろこをもち、殻のある卵をうむから|しめった皮膚をもち、殻のない卵を水中にうむから|えらだけで呼吸するから|ひれだけで移動するから,ハチュウ類は乾燥に強い体表と殻のある卵をもつことで、陸上生活に適応しています。,active,,,中3|生物の多様性と進化,
bio_growth_113,biology,生物の多様性と進化,鳥類の進化,1,choice,ハチュウ類と鳥類の両方の特徴をもつ化石として知られている生物は何か。,始祖鳥,始祖鳥|イクチオステガ|エンドウ|ミカヅキモ,始祖鳥はハチュウ類と鳥類の両方の特徴をもつ化石として知られています。,active,,,中3|生物の多様性と進化,
bio_growth_114,biology,生物の多様性と進化,始祖鳥,1,choice,始祖鳥がもつ鳥類の特徴として、教材に示されているものはどれか。,羽毛,羽毛|歯|つめ|長い尾,始祖鳥には羽毛があり、鳥類の特徴をもっています。,active,,,中3|生物の多様性と進化,
bio_growth_115,biology,生物の多様性と進化,始祖鳥,1,choice,始祖鳥がもつハチュウ類の特徴として、教材に示されているものはどれか。,歯がある,歯がある|羽毛がある|毛でおおわれる|ひれがある,始祖鳥には歯があり、ハチュウ類の特徴をもっています。,active,,,中3|生物の多様性と進化,
bio_growth_116,biology,生物の多様性と進化,始祖鳥,1,choice,始祖鳥がもつハチュウ類の特徴として正しいものはどれか。,つめがある,つめがある|毛がある|ひれがある|えらがある,始祖鳥にはつめがあり、ハチュウ類の特徴をもっています。,active,,,中3|生物の多様性と進化,
bio_growth_117,biology,生物の多様性と進化,始祖鳥,1,choice,始祖鳥がもつハチュウ類の特徴として、歯やつめのほかに教材に示されているものはどれか。,尾がある,尾がある|毛がある|ひれがある|えらがある,始祖鳥には尾があり、ハチュウ類の特徴をもっています。,active,,,中3|生物の多様性と進化,
bio_growth_118,biology,生物の多様性と進化,鳥類の進化,2,choice,始祖鳥がハチュウ類と鳥類の両方の特徴をもつことから、鳥類は何類から進化したと考えられるか。,ハチュウ類,ハチュウ類|魚類|両生類|哺乳類,始祖鳥のような化石から、鳥類はハチュウ類から進化したと考えられています。,active,,,中3|生物の多様性と進化,
bio_growth_119,biology,生物の多様性と進化,脊椎動物の特徴,1,choice,魚類の運動器官は何か。,ひれ,ひれ|あし|翼|毛,魚類の運動器官はひれです。,active,,,中3|生物の多様性と進化,
bio_growth_120,biology,生物の多様性と進化,脊椎動物の特徴,1,choice,魚類の呼吸器官は何か。,えら,えら|肺|気管|皮膚だけ,魚類はえらで呼吸します。,active,,,中3|生物の多様性と進化,
bio_growth_121,biology,生物の多様性と進化,脊椎動物の特徴,1,choice,両生類の成体の運動器官は何か。,あし,あし|ひれ|翼|毛,両生類の成体にはあしがあります。,active,,,中3|生物の多様性と進化,
bio_growth_122,biology,生物の多様性と進化,脊椎動物の特徴,1,choice,両生類の成体の呼吸器官として、教材に示されているものはどれか。,肺,肺|えら|ひれ|翼,教材では、両生類の成体は肺で呼吸することが示されています。,active,,,中3|生物の多様性と進化,
bio_growth_123,biology,生物の多様性と進化,脊椎動物の特徴,1,choice,ハチュウ類・鳥類・哺乳類に共通する呼吸器官はどれか。,肺,肺|えら|ひれ|羽毛,ハチュウ類・鳥類・哺乳類は肺で呼吸します。,active,,,中3|生物の多様性と進化,
bio_growth_124,biology,生物の多様性と進化,脊椎動物の特徴,1,choice,魚類と両生類の子のうまれ方として共通するものはどれか。,殻のない卵,殻のない卵|殻のある卵|胎生|分裂,魚類と両生類は殻のない卵をうみます。,active,,,中3|生物の多様性と進化,
bio_growth_125,biology,生物の多様性と進化,脊椎動物の特徴,1,choice,ハチュウ類と鳥類の子のうまれ方として共通するものはどれか。,殻のある卵,殻のある卵|殻のない卵|胎生|分裂,ハチュウ類と鳥類は殻のある卵をうみます。,active,,,中3|生物の多様性と進化,
bio_growth_126,biology,生物の多様性と進化,脊椎動物の特徴,1,choice,哺乳類の子のうまれ方として、教材に示されているものはどれか。,胎生,胎生|殻のある卵|殻のない卵|分裂,教材では、哺乳類の子のうまれ方は胎生と示されています。,active,,,中3|生物の多様性と進化,
bio_growth_127,biology,生物の多様性と進化,脊椎動物の特徴,1,choice,魚類の体表は何でおおわれているか。,うろこ,うろこ|羽毛|毛|しめった皮膚,魚類の体表はうろこでおおわれています。,active,,,中3|生物の多様性と進化,
bio_growth_128,biology,生物の多様性と進化,脊椎動物の特徴,1,choice,両生類の体表の特徴として正しいものはどれか。,しめった皮膚,しめった皮膚|うろこ|羽毛|毛,両生類の体表はしめった皮膚です。,active,,,中3|生物の多様性と進化,
bio_growth_129,biology,生物の多様性と進化,脊椎動物の特徴,1,choice,ハチュウ類の体表は何でおおわれているか。,うろこ,うろこ|しめった皮膚|羽毛|毛,ハチュウ類の体表はうろこでおおわれています。,active,,,中3|生物の多様性と進化,
bio_growth_130,biology,生物の多様性と進化,脊椎動物の特徴,1,choice,鳥類の体表は何でおおわれているか。,羽毛,羽毛|うろこ|毛|しめった皮膚,鳥類の体表は羽毛でおおわれています。,active,,,中3|生物の多様性と進化,
bio_growth_131,biology,生物の多様性と進化,脊椎動物の特徴,1,choice,哺乳類の体表は何でおおわれているか。,毛,毛|羽毛|うろこ|しめった皮膚,哺乳類の体表は毛でおおわれています。,active,,,中3|生物の多様性と進化,
bio_growth_132,biology,生物の多様性と進化,脊椎動物の特徴,2,choice,ひれをもち、えらで呼吸するなど、水中生活に適した特徴をもつ脊椎動物は何類か。,魚類,魚類|両生類|ハチュウ類|鳥類,魚類はひれをもち、えらで呼吸するなど、水中生活に適した特徴をもっています。,active,,,中3|生物の多様性と進化,
bio_growth_133,biology,生物の多様性と進化,脊椎動物の特徴,2,choice,しめった皮膚をもち、殻のない卵を水中にうむ脊椎動物は何類か。,両生類,両生類|魚類|ハチュウ類|鳥類,両生類はしめった皮膚をもち、殻のない卵を水中にうみます。,active,,,中3|生物の多様性と進化,
bio_growth_134,biology,生物の多様性と進化,脊椎動物の特徴,2,choice,うろこでおおわれた体表と殻のある卵をもち、陸上生活に適している脊椎動物は何類か。,ハチュウ類,ハチュウ類|両生類|魚類|哺乳類,ハチュウ類は乾燥に強いうろこと殻のある卵をもち、陸上生活に適しています。,active,,,中3|生物の多様性と進化,
bio_growth_135,biology,生物の多様性と進化,脊椎動物の特徴,2,choice,羽毛でおおわれ、殻のある卵をうむ脊椎動物は何類か。,鳥類,鳥類|ハチュウ類|哺乳類|両生類,鳥類は羽毛でおおわれ、殻のある卵をうみます。,active,,,中3|生物の多様性と進化,
bio_growth_136,biology,生物の多様性と進化,脊椎動物の特徴,2,choice,体表が毛でおおわれ、子のうまれ方が胎生である脊椎動物は何類か。,哺乳類,哺乳類|鳥類|ハチュウ類|魚類,哺乳類は体表が毛でおおわれ、教材では子のうまれ方は胎生と示されています。,active,,,中3|生物の多様性と進化,
bio_growth_137,biology,生物の多様性と進化,進化の証拠,1,choice,脊椎動物の2つのグループの両方の特徴をもつ生物が見つかることは、何が起こったことを考える証拠になるか。,進化,進化|受精|無性生殖|体細胞分裂,2つのグループの両方の特徴をもつ生物の存在は、進化を考える証拠になります。,active,,,中3|生物の多様性と進化,
bio_growth_138,biology,生物の多様性と進化,相同器官,1,choice,現在の形やはたらきは異なっていても、基本的なつくりが同じで、もとは同じ器官であったと考えられる器官を何というか。,相同器官,相同器官|生殖器官|感覚器官|呼吸器官,基本的なつくりが同じで、もとは同じ器官であったと考えられる器官を相同器官といいます。,active,,,中3|生物の多様性と進化,
bio_growth_139,biology,生物の多様性と進化,相同器官,2,choice,ワニの前あし、ハトの翼、コウモリの翼、クジラの胸びれ、ヒトのうでに共通しているものはどれか。,基本的な骨格のつくり,基本的な骨格のつくり|すべて同じ形|すべて同じはたらき|すべて水中で使う,これらは形やはたらきが異なっていても、基本的な骨格のつくりに共通点があります。,active,,,中3|生物の多様性と進化,
bio_growth_140,biology,生物の多様性と進化,相同器官,2,choice,ワニの前あし、ハトの翼、コウモリの翼、クジラの胸びれ、ヒトのうでのような器官をまとめて何というか。,相同器官,相同器官|生殖器官|消化器官|呼吸器官,これらは基本的な骨格のつくりが共通している相同器官です。,active,,,中3|生物の多様性と進化,
bio_growth_141,biology,生物の多様性と進化,相同器官,2,choice,相同器官が見られることから、異なる生物についてどのようなことが考えられるか。,共通の祖先から進化した,共通の祖先から進化した|必ず同じ場所で生活している|現在も同じはたらきの器官をもつ|進化とは関係がない,基本的なつくりに共通点があることは、共通の祖先から進化したと考える手がかりになります。,active,,,中3|生物の多様性と進化,
bio_growth_142,biology,生物の多様性と進化,相同器官,2,choice,相同器官について正しい説明はどれか。,基本的なつくりは共通しているが、現在の形やはたらきが異なることがある,基本的なつくりは共通しているが、現在の形やはたらきが異なることがある|形もはたらきも必ず完全に同じである|基本的なつくりに共通点がない|同じ種類の生物にしか見られない,相同器官では、現在の形やはたらきが異なっていても、基本的なつくりに共通点があります。,active,,,中3|生物の多様性と進化,
bio_growth_143,biology,生物の多様性と進化,遺伝子の変化と進化,1,choice,親にはなかった形質が子に現れることがあるのは、何が変化することがあるためか。,遺伝子,遺伝子|受精卵の大きさ|細胞の数だけ|生活場所だけ,遺伝子が変化することで、親にはなかった形質が子に現れることがあります。,active,,,中3|生物の多様性と進化,
bio_growth_144,biology,生物の多様性と進化,遺伝子の変化と進化,2,choice,遺伝子の変化によって生じた形質が、何世代もくり返し受けつがれると、長い年月の間に何が起こると考えられるか。,進化,進化|受精|体細胞分裂|発芽,遺伝子の変化による形質が何世代も受けつがれることで、長い年月の間に進化が起こると考えられます。,active,,,中3|生物の多様性と進化,
bio_growth_145,biology,生物の多様性と進化,遺伝子の変化と進化,2,choice,さまざまな生物が現れ、生物の多様性が生じてきたことと最も関係が深いものはどれか。,遺伝子の変化と、その形質が代々受けつがれること,遺伝子の変化と、その形質が代々受けつがれること|すべての生物が一世代で同時に変化すること|染色体がすべてなくなること|受精が起こらなくなること,遺伝子の変化と、その形質が何世代も受けつがれることが、生物の進化と多様性につながります。,active,,,中3|生物の多様性と進化,
bio_growth_146,biology,生物の多様性と進化,総合,2,choice,水中生活をする脊椎動物から、より陸上生活に適した脊椎動物へ進化した流れとして正しいものはどれか。,魚類→両生類→ハチュウ類,魚類→両生類→ハチュウ類|ハチュウ類→両生類→魚類|両生類→魚類→ハチュウ類|鳥類→魚類→両生類,脊椎動物は魚類から両生類、さらに陸上生活により適したハチュウ類へ進化したと考えられています。,active,,,中3|生物の多様性と進化,
bio_growth_147,biology,生物の多様性と進化,総合,2,choice,イクチオステガと始祖鳥が進化を考えるうえで重要なのはなぜか。,それぞれ2つの脊椎動物のグループの特徴をあわせもつから,それぞれ2つの脊椎動物のグループの特徴をあわせもつから|どちらも現在最も多い生物だから|どちらも哺乳類だから|どちらも無性生殖をするから,イクチオステガは魚類と両生類、始祖鳥はハチュウ類と鳥類の両方の特徴をもっています。,active,,,中3|生物の多様性と進化,
bio_growth_148,biology,生物の多様性と進化,総合,2,choice,生物が進化してきたことを考える手がかりとして適切なものの組み合わせはどれか。,2つのグループの特徴をもつ化石と相同器官,2つのグループの特徴をもつ化石と相同器官|体細胞分裂と受精|光合成と呼吸|蒸散と吸水,イクチオステガや始祖鳥のような生物の化石、相同器官などは、生物の進化を考える手がかりになります。,active,,,中3|生物の多様性と進化,
bio_growth_149,biology,生物の多様性と進化,総合,2,choice,生物の多様性が生じてきたことについて、教材の説明に最も合うものはどれか。,遺伝子が変化し、その形質が何世代も受けつがれ、長い年月の間に進化した,遺伝子が変化し、その形質が何世代も受けつがれ、長い年月の間に進化した|すべての生物が一世代で同時に変化した|体細胞分裂だけで別の種類の生物になった|受精のたびに染色体がなくなった,遺伝子の変化とその形質の受けつがれが長い年月に積み重なることで、生物は進化し、多様な生物が現れたと考えられています。,active,,,中3|生物の多様性と進化,
